set	from	to	smallest_witness
unresolved	63	1692	none
unresolved	65	359	none
unresolved	65	614	none
unresolved	65	817	none
unresolved	65	1426	none
unresolved	65	1491	none
unresolved	65	3862	none
unresolved	65	4065	none
unresolved	73	99	none
unresolved	73	125	none
unresolved	73	203	none
unresolved	73	229	none
unresolved	73	255	none
unresolved	73	4380	none
unresolved	73	4435	none
unresolved	118	222	none
unresolved	206	1648	none
unresolved	229	73	none
unresolved	229	4435	none
unresolved	261	307	none
unresolved	261	2035	none
unresolved	261	2061	none
unresolved	261	2644	none
unresolved	261	2847	none
unresolved	261	3253	none
unresolved	261	3456	none
unresolved	271	1895	none
unresolved	274	47	none
unresolved	274	99	none
unresolved	274	118	none
unresolved	274	203	none
unresolved	274	222	none
unresolved	274	4380	none
unresolved	274	4435	none
unresolved	464	2457	11
unresolved	464	3066	11
unresolved	474	3278	11
unresolved	476	359	none
unresolved	476	3862	none
unresolved	476	4065	none
unresolved	503	359	none
unresolved	503	3862	none
unresolved	503	4065	none
unresolved	511	614	none
unresolved	511	714	none
unresolved	511	1020	none
unresolved	511	1120	none
unresolved	511	1223	none
unresolved	511	2238	none
unresolved	511	2338	none
unresolved	511	2441	none
unresolved	511	2847	none
unresolved	511	3050	none
unresolved	511	3079	11
unresolved	511	4380	none
unresolved	511	4435	none
unresolved	670	817	11
unresolved	677	255	none
unresolved	707	1223	none
unresolved	707	1316	none
unresolved	707	2238	none
unresolved	707	2331	none
unresolved	707	2847	none
unresolved	713	359	none
unresolved	713	817	none
unresolved	713	3862	none
unresolved	713	4065	none
unresolved	854	413	none
unresolved	854	1045	none
unresolved	854	1055	none
unresolved	854	1067	none
unresolved	854	3316	none
unresolved	854	3925	none
unresolved	879	4065	none
unresolved	883	2035	none
unresolved	883	2304	none
unresolved	907	255	11
unresolved	907	836	9
unresolved	907	843	9
unresolved	917	1629	none
unresolved	917	1729	none
unresolved	917	2441	none
unresolved	917	2541	none
unresolved	1076	3	none
unresolved	1076	8	none
unresolved	1076	23	none
unresolved	1076	26	13
unresolved	1076	47	none
unresolved	1076	65	13
unresolved	1076	73	13
unresolved	1076	99	none
unresolved	1076	102	13
unresolved	1076	117	13
unresolved	1076	125	13
unresolved	1076	151	none
unresolved	1076	160	13
unresolved	1076	167	13
unresolved	1076	203	none
unresolved	1076	212	13
unresolved	1076	229	13
unresolved	1076	255	none
unresolved	1076	258	13
unresolved	1076	263	13
unresolved	1076	307	none
unresolved	1076	326	none
unresolved	1076	335	13
unresolved	1076	359	none
unresolved	1076	362	13
unresolved	1076	375	none
unresolved	1076	411	none
unresolved	1076	429	13
unresolved	1076	437	13
unresolved	1076	464	13
unresolved	1076	473	13
unresolved	1076	504	13
unresolved	1076	513	13
unresolved	1076	546	13
unresolved	1076	562	13
unresolved	1076	614	none
unresolved	1076	617	13
unresolved	1076	632	13
unresolved	1076	640	13
unresolved	1076	679	13
unresolved	1076	704	13
unresolved	1076	817	none
unresolved	1076	826	13
unresolved	1076	833	13
unresolved	1076	872	13
unresolved	1076	879	13
unresolved	1076	910	13
unresolved	1076	917	13
unresolved	1076	949	13
unresolved	1076	962	13
unresolved	1076	1029	13
unresolved	1076	1046	13
unresolved	1076	1085	13
unresolved	1076	1110	13
unresolved	1076	1119	13
unresolved	1076	1223	none
unresolved	1076	1226	13
unresolved	1076	1231	13
unresolved	1076	1278	13
unresolved	1076	1323	13
unresolved	1076	1426	none
unresolved	1076	1455	13
unresolved	1076	1482	13
unresolved	1076	1491	13
unresolved	1076	1518	13
unresolved	1076	1526	13
unresolved	1076	1629	none
unresolved	1076	1632	13
unresolved	1076	1654	13
unresolved	1076	1658	13
unresolved	1076	1662	13
unresolved	1076	1682	13
unresolved	1076	1721	13
unresolved	1076	1729	13
unresolved	1076	1790	13
unresolved	1076	1832	none
unresolved	1076	1838	13
unresolved	1076	1850	13
unresolved	1076	1861	13
unresolved	1076	1873	13
unresolved	1076	1885	13
unresolved	1076	1897	13
unresolved	1076	1925	13
unresolved	1076	1967	13
unresolved	1076	2035	none
unresolved	1076	2044	13
unresolved	1076	2053	13
unresolved	1076	2060	13
unresolved	1076	2100	13
unresolved	1076	2125	13
unresolved	1076	2238	none
unresolved	1076	2267	13
unresolved	1076	2294	none
unresolved	1076	2300	13
unresolved	1076	2328	13
unresolved	1076	2330	13
unresolved	1076	2441	none
unresolved	1076	2449	13
unresolved	1076	2457	13
unresolved	1076	2470	13
unresolved	1076	2485	13
unresolved	1076	2503	13
unresolved	1076	2533	13
unresolved	1076	2541	13
unresolved	1076	2586	13
unresolved	1076	2644	none
unresolved	1076	2653	13
unresolved	1076	2663	13
unresolved	1076	2672	13
unresolved	1076	2699	13
unresolved	1076	2744	13
unresolved	1076	2847	none
unresolved	1076	2850	13
unresolved	1076	2863	13
unresolved	1076	2875	13
unresolved	1076	2910	13
unresolved	1076	2939	13
unresolved	1076	3050	none
unresolved	1076	3053	13
unresolved	1076	3058	13
unresolved	1076	3066	13
unresolved	1076	3075	13
unresolved	1076	3079	13
unresolved	1076	3083	13
unresolved	1076	3094	13
unresolved	1076	3113	13
unresolved	1076	3253	none
unresolved	1076	3271	13
unresolved	1076	3279	13
unresolved	1076	3319	none
unresolved	1076	3343	13
unresolved	1076	3352	13
unresolved	1076	3456	none
unresolved	1076	3459	13
unresolved	1076	3474	13
unresolved	1076	3482	13
unresolved	1076	3518	13
unresolved	1076	3522	none
unresolved	1076	3526	13
unresolved	1076	3558	13
unresolved	1076	3607	13
unresolved	1076	3659	none
unresolved	1076	3668	13
unresolved	1076	3675	13
unresolved	1076	3715	none
unresolved	1076	3722	none
unresolved	1076	3761	13
unresolved	1076	3862	none
unresolved	1076	3871	13
unresolved	1076	3888	13
unresolved	1076	3915	none
unresolved	1076	3924	13
unresolved	1076	3954	13
unresolved	1076	4065	none
unresolved	1076	4068	13
unresolved	1076	4073	13
unresolved	1076	4118	none
unresolved	1076	4127	13
unresolved	1076	4131	13
unresolved	1076	4135	13
unresolved	1076	4146	13
unresolved	1076	4157	13
unresolved	1076	4290	13
unresolved	1076	4321	13
unresolved	1076	4369	13
unresolved	1076	4380	none
unresolved	1076	4383	13
unresolved	1076	4408	13
unresolved	1076	4435	none
unresolved	1076	4443	13
unresolved	1076	4470	none
unresolved	1076	4585	13
unresolved	1076	4636	13
unresolved	1076	4656	13
unresolved	1112	8	none
unresolved	1112	411	none
unresolved	1112	1832	none
unresolved	1112	3253	none
unresolved	1112	3319	none
unresolved	1112	3862	none
unresolved	1112	3915	none
unresolved	1117	2441	infinite
unresolved	1117	2444	infinite
unresolved	1117	2530	infinite
unresolved	1117	2534	infinite
unresolved	1117	2538	infinite
unresolved	1133	1035	none
unresolved	1133	1055	none
unresolved	1133	1085	none
unresolved	1133	1096	none
unresolved	1133	1150	none
unresolved	1133	1167	none
unresolved	1133	1202	none
unresolved	1133	1634	none
unresolved	1133	1657	none
unresolved	1133	1668	none
unresolved	1133	1681	none
unresolved	1133	1701	none
unresolved	1133	1721	none
unresolved	1133	1742	none
unresolved	1133	1763	none
unresolved	1133	1797	none
unresolved	1133	1816	none
unresolved	1133	1860	none
unresolved	1133	1875	none
unresolved	1133	1884	none
unresolved	1133	1912	none
unresolved	1133	1958	none
unresolved	1133	2000	none
unresolved	1133	2024	none
unresolved	1133	3877	none
unresolved	1133	3897	none
unresolved	1133	3952	none
unresolved	1133	3972	none
unresolved	1133	3989	none
unresolved	1133	4006	none
unresolved	1133	4040	none
unresolved	1133	4587	none
unresolved	1133	4606	none
unresolved	1133	4615	none
unresolved	1133	4645	none
unresolved	1133	4666	none
unresolved	1133	4689	none
unresolved	1167	1025	none
unresolved	1167	1055	none
unresolved	1167	1096	none
unresolved	1167	1112	none
unresolved	1167	1133	none
unresolved	1167	1150	none
unresolved	1167	1202	none
unresolved	1167	1634	none
unresolved	1167	1657	none
unresolved	1167	1668	none
unresolved	1167	1681	none
unresolved	1167	1701	none
unresolved	1167	1721	none
unresolved	1167	1742	none
unresolved	1167	1763	none
unresolved	1167	1797	none
unresolved	1167	1816	none
unresolved	1167	1847	none
unresolved	1167	1875	none
unresolved	1167	1897	none
unresolved	1167	1912	none
unresolved	1167	1958	none
unresolved	1167	1979	none
unresolved	1167	2024	none
unresolved	1167	3867	none
unresolved	1167	3897	none
unresolved	1167	3925	none
unresolved	1167	3935	none
unresolved	1167	3972	none
unresolved	1167	4006	none
unresolved	1167	4040	none
unresolved	1167	4587	none
unresolved	1167	4606	none
unresolved	1167	4615	none
unresolved	1167	4645	none
unresolved	1167	4666	none
unresolved	1167	4689	none
unresolved	1286	3	11
unresolved	1286	8	11
unresolved	1286	23	11
unresolved	1286	47	11
unresolved	1286	99	11
unresolved	1286	151	11
unresolved	1286	203	11
unresolved	1286	255	11
unresolved	1286	307	11
unresolved	1286	326	11
unresolved	1286	359	11
unresolved	1286	375	11
unresolved	1286	411	11
unresolved	1286	614	11
unresolved	1286	817	11
unresolved	1286	1020	11
unresolved	1286	1083	11
unresolved	1286	1426	11
unresolved	1286	1629	11
unresolved	1286	1832	11
unresolved	1286	2035	11
unresolved	1286	2238	11
unresolved	1286	2301	11
unresolved	1286	2441	11
unresolved	1286	2504	11
unresolved	1286	2644	11
unresolved	1286	2847	11
unresolved	1286	3050	11
unresolved	1286	3253	11
unresolved	1286	3319	11
unresolved	1286	3456	11
unresolved	1286	3522	11
unresolved	1286	3659	11
unresolved	1286	3715	11
unresolved	1286	3722	11
unresolved	1286	3862	11
unresolved	1286	3915	11
unresolved	1286	4065	11
unresolved	1286	4118	11
unresolved	1286	4380	11
unresolved	1286	4435	11
unresolved	1286	4470	11
unresolved	1289	513	11
unresolved	1289	2507	none
unresolved	1289	2913	none
unresolved	1289	4435	none
unresolved	1323	2744	none
unresolved	1437	4269	none
unresolved	1437	4316	none
unresolved	1447	1431	none
unresolved	1447	4269	none
unresolved	1447	4316	none
unresolved	1485	151	32
unresolved	1485	152	32
unresolved	1485	166	32
unresolved	1485	1427	32
unresolved	1485	1429	32
unresolved	1485	1430	32
unresolved	1485	1481	32
unresolved	1485	1483	32
unresolved	1485	2051	32
unresolved	1485	2087	32
unresolved	1485	2124	32
unresolved	1485	2161	32
unresolved	1485	2163	32
unresolved	1485	3456	32
unresolved	1485	3457	32
unresolved	1485	3511	32
unresolved	1485	3862	32
unresolved	1485	3877	32
unresolved	1485	3955	32
unresolved	1491	65	none
unresolved	1516	255	none
unresolved	1516	1489	none
unresolved	1518	47	none
unresolved	1518	614	none
unresolved	1518	817	none
unresolved	1518	3862	none
unresolved	1526	1223	none
unresolved	1526	1323	none
unresolved	1526	2744	none
unresolved	1648	23	none
unresolved	1648	151	none
unresolved	1648	203	none
unresolved	1648	206	none
unresolved	1648	307	none
unresolved	1648	1426	none
unresolved	1648	1832	none
unresolved	1648	2238	none
unresolved	1648	2441	none
unresolved	1648	3050	none
unresolved	1648	3253	none
unresolved	1648	3456	none
unresolved	1648	3522	none
unresolved	1648	4065	none
unresolved	1648	4118	none
unresolved	1659	1631	none
unresolved	1659	1633	none
unresolved	1659	1655	none
unresolved	1659	1656	none
unresolved	1659	1660	none
unresolved	1659	1661	none
unresolved	1659	1663	none
unresolved	1659	1833	none
unresolved	1659	1837	none
unresolved	1659	1839	none
unresolved	1659	1851	none
unresolved	1659	1852	none
unresolved	1659	1860	none
unresolved	1659	1862	none
unresolved	1659	1871	none
unresolved	1659	1872	none
unresolved	1659	1874	none
unresolved	1659	2446	none
unresolved	1659	2452	none
unresolved	1659	2460	none
unresolved	1659	2463	none
unresolved	1659	2477	none
unresolved	1659	2481	none
unresolved	1659	2489	none
unresolved	1659	3458	none
unresolved	1659	3460	none
unresolved	1659	3519	none
unresolved	1659	3520	none
unresolved	1659	3524	none
unresolved	1659	3525	none
unresolved	1659	3527	none
unresolved	1659	4268	none
unresolved	1659	4282	none
unresolved	1659	4314	none
unresolved	1659	4315	none
unresolved	1659	4339	none
unresolved	1659	4357	none
unresolved	1661	1630	none
unresolved	1661	1633	none
unresolved	1661	1656	none
unresolved	1661	1657	none
unresolved	1661	1659	none
unresolved	1661	1660	none
unresolved	1661	1663	none
unresolved	1661	1833	none
unresolved	1661	1837	none
unresolved	1661	1839	none
unresolved	1661	1851	none
unresolved	1661	1852	none
unresolved	1661	1860	none
unresolved	1661	1862	none
unresolved	1661	1871	none
unresolved	1661	1872	none
unresolved	1661	1874	none
unresolved	1661	2443	none
unresolved	1661	2452	none
unresolved	1661	2463	none
unresolved	1661	2467	none
unresolved	1661	2473	none
unresolved	1661	2477	none
unresolved	1661	2489	none
unresolved	1661	3457	none
unresolved	1661	3460	none
unresolved	1661	3520	none
unresolved	1661	3521	none
unresolved	1661	3523	none
unresolved	1661	3524	none
unresolved	1661	3527	none
unresolved	1661	4268	none
unresolved	1661	4282	none
unresolved	1661	4314	none
unresolved	1661	4315	none
unresolved	1661	4339	none
unresolved	1661	4357	none
unresolved	1692	23	none
unresolved	1692	47	none
unresolved	1692	63	none
unresolved	1692	1832	none
unresolved	1692	1922	none
unresolved	1692	2441	none
unresolved	1692	3050	none
unresolved	1692	3456	none
unresolved	1692	3522	none
unresolved	1692	4065	none
unresolved	1692	4118	none
unresolved	1701	411	none
unresolved	1701	1884	none
unresolved	1701	3253	none
unresolved	1701	3319	none
unresolved	1701	3877	none
unresolved	1701	3915	none
unresolved	1722	1832	none
unresolved	1722	2644	none
unresolved	1722	2737	none
unresolved	1722	3050	none
unresolved	1722	3143	none
unresolved	1729	817	none
unresolved	1729	917	none
unresolved	1839	1630	none
unresolved	1839	2441	none
unresolved	1839	2443	none
unresolved	1839	3456	none
unresolved	1839	3457	none
unresolved	1839	3522	none
unresolved	1839	4065	none
unresolved	1839	4118	none
unresolved	1839	4268	none
unresolved	1839	4282	none
unresolved	1895	8	none
unresolved	1895	255	none
unresolved	1895	271	none
unresolved	1895	411	none
unresolved	1895	1020	none
unresolved	1895	1629	none
unresolved	1895	1685	none
unresolved	1895	3253	none
unresolved	1895	3319	none
unresolved	1895	3862	none
unresolved	1895	3915	none
unresolved	1898	2644	none
unresolved	1898	2710	none
unresolved	1924	8	none
unresolved	1924	99	none
unresolved	1924	124	none
unresolved	1924	151	none
unresolved	1924	359	none
unresolved	1924	411	none
unresolved	1924	1020	none
unresolved	1924	1223	none
unresolved	1924	1629	none
unresolved	1924	2035	none
unresolved	1924	3253	none
unresolved	1924	3319	none
unresolved	1924	3862	none
unresolved	1924	3915	none
unresolved	1924	4065	none
unresolved	1925	411	none
unresolved	1925	504	none
unresolved	1925	817	none
unresolved	1925	910	none
unresolved	1925	1629	none
unresolved	1979	1035	none
unresolved	1979	1055	none
unresolved	1979	1085	none
unresolved	1979	1096	none
unresolved	1979	1150	none
unresolved	1979	1167	none
unresolved	1979	1202	none
unresolved	1979	1634	none
unresolved	1979	1657	none
unresolved	1979	1668	none
unresolved	1979	1681	none
unresolved	1979	1701	none
unresolved	1979	1721	none
unresolved	1979	1742	none
unresolved	1979	1763	none
unresolved	1979	1797	none
unresolved	1979	1816	none
unresolved	1979	1860	none
unresolved	1979	1875	none
unresolved	1979	1884	none
unresolved	1979	1912	none
unresolved	1979	1958	none
unresolved	1979	2000	none
unresolved	1979	2024	none
unresolved	1979	3877	none
unresolved	1979	3897	none
unresolved	1979	3952	none
unresolved	1979	3972	none
unresolved	1979	3989	none
unresolved	1979	4006	none
unresolved	1979	4040	none
unresolved	1979	4587	none
unresolved	1979	4606	none
unresolved	1979	4615	none
unresolved	1979	4645	none
unresolved	1979	4666	none
unresolved	1979	4689	none
unresolved	2000	1025	none
unresolved	2000	1055	none
unresolved	2000	1096	none
unresolved	2000	1112	none
unresolved	2000	1133	none
unresolved	2000	1150	none
unresolved	2000	1202	none
unresolved	2000	1634	none
unresolved	2000	1657	none
unresolved	2000	1668	none
unresolved	2000	1681	none
unresolved	2000	1701	none
unresolved	2000	1721	none
unresolved	2000	1742	none
unresolved	2000	1763	none
unresolved	2000	1797	none
unresolved	2000	1816	none
unresolved	2000	1847	none
unresolved	2000	1875	none
unresolved	2000	1897	none
unresolved	2000	1912	none
unresolved	2000	1958	none
unresolved	2000	1979	none
unresolved	2000	2024	none
unresolved	2000	3867	none
unresolved	2000	3897	none
unresolved	2000	3925	none
unresolved	2000	3935	none
unresolved	2000	3972	none
unresolved	2000	4006	none
unresolved	2000	4040	none
unresolved	2000	4587	none
unresolved	2000	4606	none
unresolved	2000	4615	none
unresolved	2000	4645	none
unresolved	2000	4666	none
unresolved	2000	4689	none
unresolved	2054	255	none
unresolved	2054	2644	none
unresolved	2054	2847	none
unresolved	2054	3456	none
unresolved	2056	2040	none
unresolved	2056	4584	none
unresolved	2056	4631	none
unresolved	2061	261	none
unresolved	2070	4584	none
unresolved	2070	4631	none
unresolved	2091	47	none
unresolved	2091	2098	none
unresolved	2101	883	none
unresolved	2101	2238	none
unresolved	2101	2304	none
unresolved	2162	151	32
unresolved	2162	152	32
unresolved	2162	166	32
unresolved	2162	1427	32
unresolved	2162	1429	32
unresolved	2162	1430	32
unresolved	2162	1481	32
unresolved	2162	1483	32
unresolved	2162	2051	32
unresolved	2162	2087	32
unresolved	2162	2124	32
unresolved	2162	2161	32
unresolved	2162	2163	32
unresolved	2162	3456	32
unresolved	2162	3457	32
unresolved	2162	3511	32
unresolved	2162	3862	32
unresolved	2162	3877	32
unresolved	2162	3955	32
unresolved	2301	3	11
unresolved	2301	8	11
unresolved	2301	23	11
unresolved	2301	47	11
unresolved	2301	99	11
unresolved	2301	151	11
unresolved	2301	203	11
unresolved	2301	255	11
unresolved	2301	307	11
unresolved	2301	326	11
unresolved	2301	359	11
unresolved	2301	375	11
unresolved	2301	411	11
unresolved	2301	614	11
unresolved	2301	817	11
unresolved	2301	1020	11
unresolved	2301	1083	11
unresolved	2301	1223	11
unresolved	2301	1286	11
unresolved	2301	1426	11
unresolved	2301	1629	11
unresolved	2301	1832	11
unresolved	2301	2035	11
unresolved	2301	2441	11
unresolved	2301	2504	11
unresolved	2301	2644	11
unresolved	2301	2847	11
unresolved	2301	3050	11
unresolved	2301	3253	11
unresolved	2301	3319	11
unresolved	2301	3456	11
unresolved	2301	3522	11
unresolved	2301	3659	11
unresolved	2301	3715	11
unresolved	2301	3722	11
unresolved	2301	3862	11
unresolved	2301	3915	11
unresolved	2301	4065	11
unresolved	2301	4118	11
unresolved	2301	4380	11
unresolved	2301	4435	11
unresolved	2301	4470	11
unresolved	2304	883	none
unresolved	2338	511	none
unresolved	2338	714	none
unresolved	2338	1120	none
unresolved	2460	23	none
unresolved	2460	1629	none
unresolved	2460	3050	none
unresolved	2460	3456	none
unresolved	2460	3522	none
unresolved	2460	4065	none
unresolved	2460	4118	none
unresolved	2473	1631	none
unresolved	2473	1633	none
unresolved	2473	1655	none
unresolved	2473	1656	none
unresolved	2473	1660	none
unresolved	2473	1661	none
unresolved	2473	1663	none
unresolved	2473	1833	none
unresolved	2473	1837	none
unresolved	2473	1839	none
unresolved	2473	1851	none
unresolved	2473	1852	none
unresolved	2473	1860	none
unresolved	2473	1862	none
unresolved	2473	1871	none
unresolved	2473	1872	none
unresolved	2473	1874	none
unresolved	2473	2446	none
unresolved	2473	2452	none
unresolved	2473	2460	none
unresolved	2473	2463	none
unresolved	2473	2477	none
unresolved	2473	2481	none
unresolved	2473	2489	none
unresolved	2473	3458	none
unresolved	2473	3460	none
unresolved	2473	3519	none
unresolved	2473	3520	none
unresolved	2473	3524	none
unresolved	2473	3525	none
unresolved	2473	3527	none
unresolved	2473	4268	none
unresolved	2473	4282	none
unresolved	2473	4314	none
unresolved	2473	4315	none
unresolved	2473	4339	none
unresolved	2473	4357	none
unresolved	2481	1630	none
unresolved	2481	1633	none
unresolved	2481	1656	none
unresolved	2481	1657	none
unresolved	2481	1659	none
unresolved	2481	1660	none
unresolved	2481	1663	none
unresolved	2481	1833	none
unresolved	2481	1837	none
unresolved	2481	1839	none
unresolved	2481	1851	none
unresolved	2481	1852	none
unresolved	2481	1860	none
unresolved	2481	1862	none
unresolved	2481	1871	none
unresolved	2481	1872	none
unresolved	2481	1874	none
unresolved	2481	2443	none
unresolved	2481	2452	none
unresolved	2481	2463	none
unresolved	2481	2467	none
unresolved	2481	2473	none
unresolved	2481	2477	none
unresolved	2481	2489	none
unresolved	2481	3457	none
unresolved	2481	3460	none
unresolved	2481	3520	none
unresolved	2481	3521	none
unresolved	2481	3523	none
unresolved	2481	3524	none
unresolved	2481	3527	none
unresolved	2481	4268	none
unresolved	2481	4282	none
unresolved	2481	4314	none
unresolved	2481	4315	none
unresolved	2481	4339	none
unresolved	2481	4357	none
unresolved	2507	513	11
unresolved	2531	3	none
unresolved	2531	8	none
unresolved	2531	16	13
unresolved	2531	23	none
unresolved	2531	47	none
unresolved	2531	55	13
unresolved	2531	72	13
unresolved	2531	99	none
unresolved	2531	118	13
unresolved	2531	127	13
unresolved	2531	151	none
unresolved	2531	167	13
unresolved	2531	179	13
unresolved	2531	203	none
unresolved	2531	209	13
unresolved	2531	222	13
unresolved	2531	228	13
unresolved	2531	255	none
unresolved	2531	261	13
unresolved	2531	274	13
unresolved	2531	307	none
unresolved	2531	315	13
unresolved	2531	326	none
unresolved	2531	359	none
unresolved	2531	375	none
unresolved	2531	384	13
unresolved	2531	411	none
unresolved	2531	419	13
unresolved	2531	436	13
unresolved	2531	466	13
unresolved	2531	474	13
unresolved	2531	500	13
unresolved	2531	513	13
unresolved	2531	528	13
unresolved	2531	575	13
unresolved	2531	614	none
unresolved	2531	633	13
unresolved	2531	642	13
unresolved	2531	669	13
unresolved	2531	677	13
unresolved	2531	703	13
unresolved	2531	817	none
unresolved	2531	833	13
unresolved	2531	845	13
unresolved	2531	883	13
unresolved	2531	909	13
unresolved	2531	916	13
unresolved	2531	1020	none
unresolved	2531	1026	13
unresolved	2531	1039	13
unresolved	2531	1045	13
unresolved	2531	1075	13
unresolved	2531	1086	13
unresolved	2531	1098	13
unresolved	2531	1122	13
unresolved	2531	1184	13
unresolved	2531	1223	none
unresolved	2531	1229	13
unresolved	2531	1242	13
unresolved	2531	1279	13
unresolved	2531	1313	none
unresolved	2531	1325	13
unresolved	2531	1426	none
unresolved	2531	1434	13
unresolved	2531	1444	13
unresolved	2531	1452	13
unresolved	2531	1482	13
unresolved	2531	1525	13
unresolved	2531	1629	none
unresolved	2531	1647	13
unresolved	2531	1655	13
unresolved	2531	1682	13
unresolved	2531	1691	13
unresolved	2531	1722	13
unresolved	2531	1731	13
unresolved	2531	1764	13
unresolved	2531	1780	13
unresolved	2531	1832	none
unresolved	2531	1840	13
unresolved	2531	1851	13
unresolved	2531	1885	13
unresolved	2531	1898	13
unresolved	2531	1913	13
unresolved	2531	1921	13
unresolved	2531	1934	13
unresolved	2531	1949	13
unresolved	2531	2035	none
unresolved	2531	2054	13
unresolved	2531	2061	13
unresolved	2531	2101	13
unresolved	2531	2125	13
unresolved	2531	2137	13
unresolved	2531	2238	none
unresolved	2531	2254	13
unresolved	2531	2263	13
unresolved	2531	2304	13
unresolved	2531	2327	13
unresolved	2531	2450	13
unresolved	2531	2467	13
unresolved	2531	2497	13
unresolved	2531	2506	13
unresolved	2531	2540	13
unresolved	2531	2644	none
unresolved	2531	2650	13
unresolved	2531	2660	13
unresolved	2531	2699	13
unresolved	2531	2710	13
unresolved	2531	2722	13
unresolved	2531	2737	13
unresolved	2531	2743	13
unresolved	2531	2776	13
unresolved	2531	2847	none
unresolved	2531	2865	13
unresolved	2531	2873	13
unresolved	2531	2903	13
unresolved	2531	2912	13
unresolved	2531	2936	13
unresolved	2531	3050	none
unresolved	2531	3056	13
unresolved	2531	3068	13
unresolved	2531	3079	13
unresolved	2531	3091	13
unresolved	2531	3103	13
unresolved	2531	3115	13
unresolved	2531	3143	13
unresolved	2531	3185	13
unresolved	2531	3253	none
unresolved	2531	3261	13
unresolved	2531	3278	13
unresolved	2531	3306	13
unresolved	2531	3319	none
unresolved	2531	3334	13
unresolved	2531	3345	13
unresolved	2531	3353	13
unresolved	2531	3414	13
unresolved	2531	3456	none
unresolved	2531	3475	13
unresolved	2531	3484	13
unresolved	2531	3522	none
unresolved	2531	3548	13
unresolved	2531	3556	13
unresolved	2531	3659	none
unresolved	2531	3675	13
unresolved	2531	3687	13
unresolved	2531	3715	none
unresolved	2531	3722	none
unresolved	2531	3748	13
unresolved	2531	3862	none
unresolved	2531	3868	13
unresolved	2531	3881	13
unresolved	2531	3887	13
unresolved	2531	3915	none
unresolved	2531	3951	13
unresolved	2531	3962	13
unresolved	2531	3973	13
unresolved	2531	4023	13
unresolved	2531	4065	none
unresolved	2531	4071	13
unresolved	2531	4084	13
unresolved	2531	4118	none
unresolved	2531	4130	13
unresolved	2531	4164	13
unresolved	2531	4275	13
unresolved	2531	4307	13
unresolved	2531	4321	13
unresolved	2531	4380	none
unresolved	2531	4409	13
unresolved	2531	4435	none
unresolved	2531	4443	13
unresolved	2531	4470	none
unresolved	2531	4479	13
unresolved	2531	4605	13
unresolved	2531	4636	13
unresolved	2531	4684	13
unresolved	2534	1020	none
unresolved	2534	1113	none
unresolved	2538	1020	none
unresolved	2538	1023	none
unresolved	2538	1109	none
unresolved	2538	1113	none
unresolved	2538	1117	none
unresolved	2650	3253	none
unresolved	2700	47	11
unresolved	2700	2709	9
unresolved	2700	2736	9
unresolved	2700	2847	11
unresolved	2710	1020	none
unresolved	2710	1086	none
unresolved	2710	1832	none
unresolved	2710	1898	none
unresolved	2712	2285	none
unresolved	2712	2449	none
unresolved	2712	2452	none
unresolved	2712	2488	none
unresolved	2712	3065	none
unresolved	2712	3519	none
unresolved	2712	4128	none
unresolved	2744	1323	none
unresolved	2744	1426	none
unresolved	2744	1526	none
unresolved	2856	2035	none
unresolved	2856	3456	none
unresolved	2910	47	none
unresolved	2913	513	11
unresolved	2937	2644	11
unresolved	2940	614	none
unresolved	2940	1316	none
unresolved	3069	307	none
unresolved	3069	3253	none
unresolved	3069	3456	none
unresolved	3076	307	none
unresolved	3076	3253	none
unresolved	3076	3456	none
unresolved	3103	466	11
unresolved	3103	1075	11
unresolved	3113	3058	11
unresolved	3113	4068	11
unresolved	3116	411	none
unresolved	3116	513	11
unresolved	3116	614	none
unresolved	3116	1020	none
unresolved	3116	1223	none
unresolved	3116	1289	none
unresolved	3116	2238	none
unresolved	3116	2441	none
unresolved	3116	2507	none
unresolved	3116	2847	none
unresolved	3116	2913	none
unresolved	3116	4380	none
unresolved	3116	4435	none
unresolved	3308	3456	none
unresolved	3308	3511	none
unresolved	3342	3456	none
unresolved	3342	3522	none
unresolved	3342	4065	none
unresolved	3342	4118	none
unresolved	3549	3862	none
unresolved	3549	3955	none
unresolved	3917	3456	none
unresolved	3917	3511	none
unresolved	4158	3862	none
unresolved	4158	3955	none
unresolved	4167	3253	none
unresolved	4167	3319	none
unresolved	4167	3862	none
unresolved	4167	3915	none
saturation_refuted	115	2707	none
saturation_refuted	115	4273	none
saturation_refuted	115	4332	none
saturation_refuted	118	274	none
saturation_refuted	118	4435	none
saturation_refuted	124	1924	none
saturation_refuted	168	3462	none
saturation_refuted	168	3463	none
saturation_refuted	168	3521	none
saturation_refuted	168	3522	none
saturation_refuted	168	3523	none
saturation_refuted	168	3532	none
saturation_refuted	168	3533	none
saturation_refuted	168	3534	none
saturation_refuted	168	3535	none
saturation_refuted	168	3864	none
saturation_refuted	168	3883	none
saturation_refuted	168	3915	none
saturation_refuted	168	3921	none
saturation_refuted	168	3958	none
saturation_refuted	168	3989	none
saturation_refuted	168	3997	none
saturation_refuted	168	4001	none
saturation_refuted	168	4282	none
saturation_refuted	168	4314	none
saturation_refuted	168	4315	none
saturation_refuted	168	4339	none
saturation_refuted	168	4357	none
saturation_refuted	168	4615	none
saturation_refuted	168	4645	none
saturation_refuted	168	4666	none
saturation_refuted	168	4689	none
saturation_refuted	219	880	none
saturation_refuted	219	4588	none
saturation_refuted	219	4647	none
saturation_refuted	229	125	none
saturation_refuted	467	429	7
saturation_refuted	467	473	7
saturation_refuted	467	513	7
saturation_refuted	467	562	7
saturation_refuted	467	2847	none
saturation_refuted	467	4343	7
saturation_refuted	477	1426	none
saturation_refuted	477	1492	none
saturation_refuted	477	1519	none
saturation_refuted	477	2035	none
saturation_refuted	477	2128	none
saturation_refuted	477	2135	none
saturation_refuted	477	3050	none
saturation_refuted	477	3150	none
saturation_refuted	481	1488	none
saturation_refuted	481	1492	none
saturation_refuted	481	1496	none
saturation_refuted	481	2035	none
saturation_refuted	481	2038	none
saturation_refuted	481	2041	none
saturation_refuted	481	2124	none
saturation_refuted	481	2128	none
saturation_refuted	481	2132	none
saturation_refuted	481	2135	none
saturation_refuted	481	2146	none
saturation_refuted	481	3050	none
saturation_refuted	481	3056	none
saturation_refuted	481	3139	none
saturation_refuted	481	3150	none
saturation_refuted	481	3161	none
saturation_refuted	504	513	7
saturation_refuted	504	817	none
saturation_refuted	504	910	none
saturation_refuted	504	1629	none
saturation_refuted	504	1832	none
saturation_refuted	504	1861	7
saturation_refuted	504	1925	none
saturation_refuted	680	477	9
saturation_refuted	680	1492	9
saturation_refuted	680	1519	9
saturation_refuted	680	1629	none
saturation_refuted	680	1695	none
saturation_refuted	680	1832	none
saturation_refuted	680	1932	none
saturation_refuted	680	2035	9
saturation_refuted	680	2128	9
saturation_refuted	680	2135	9
saturation_refuted	680	2847	none
saturation_refuted	680	2947	none
saturation_refuted	680	3050	9
saturation_refuted	680	3150	9
saturation_refuted	704	203	11
saturation_refuted	704	817	11
saturation_refuted	704	826	7
saturation_refuted	704	833	7
saturation_refuted	704	1426	11
saturation_refuted	704	3050	11
saturation_refuted	704	3079	7
saturation_refuted	707	2940	none
saturation_refuted	713	1426	none
saturation_refuted	873	880	none
saturation_refuted	873	4588	none
saturation_refuted	873	4647	none
saturation_refuted	883	2101	none
saturation_refuted	883	2238	none
saturation_refuted	906	3862	none
saturation_refuted	907	614	11
saturation_refuted	907	1426	11
saturation_refuted	1085	411	7
saturation_refuted	1086	1731	7
saturation_refuted	1086	1832	none
saturation_refuted	1086	1898	none
saturation_refuted	1086	2644	none
saturation_refuted	1086	2710	none
saturation_refuted	1110	8	none
saturation_refuted	1110	411	none
saturation_refuted	1110	513	7
saturation_refuted	1110	1629	none
saturation_refuted	1110	1832	none
saturation_refuted	1110	3253	none
saturation_refuted	1110	3319	none
saturation_refuted	1110	3862	none
saturation_refuted	1110	3915	none
saturation_refuted	1113	2441	infinite
saturation_refuted	1113	2534	infinite
saturation_refuted	1276	411	9
saturation_refuted	1276	417	9
saturation_refuted	1276	4273	none
saturation_refuted	1276	4332	none
saturation_refuted	1279	16	7
saturation_refuted	1279	55	7
saturation_refuted	1279	72	7
saturation_refuted	1279	118	7
saturation_refuted	1279	127	7
saturation_refuted	1279	167	7
saturation_refuted	1279	179	7
saturation_refuted	1279	203	11
saturation_refuted	1279	209	7
saturation_refuted	1279	222	7
saturation_refuted	1279	228	7
saturation_refuted	1279	255	7
saturation_refuted	1279	261	7
saturation_refuted	1279	274	7
saturation_refuted	1279	315	7
saturation_refuted	1279	326	7
saturation_refuted	1279	375	7
saturation_refuted	1279	384	7
saturation_refuted	1279	411	7
saturation_refuted	1279	419	7
saturation_refuted	1279	436	7
saturation_refuted	1279	466	7
saturation_refuted	1279	474	7
saturation_refuted	1279	500	7
saturation_refuted	1279	513	7
saturation_refuted	1279	528	7
saturation_refuted	1279	575	7
saturation_refuted	1279	614	7
saturation_refuted	1279	633	7
saturation_refuted	1279	642	7
saturation_refuted	1279	669	7
saturation_refuted	1279	677	7
saturation_refuted	1279	703	7
saturation_refuted	1279	833	7
saturation_refuted	1279	845	7
saturation_refuted	1279	883	7
saturation_refuted	1279	909	7
saturation_refuted	1279	916	7
saturation_refuted	1279	1026	7
saturation_refuted	1279	1039	7
saturation_refuted	1279	1045	7
saturation_refuted	1279	1075	7
saturation_refuted	1279	1086	7
saturation_refuted	1279	1098	7
saturation_refuted	1279	1122	7
saturation_refuted	1279	1184	7
saturation_refuted	1279	1229	7
saturation_refuted	1279	1242	7
saturation_refuted	1279	1313	7
saturation_refuted	1279	1325	7
saturation_refuted	1279	1434	7
saturation_refuted	1279	1444	7
saturation_refuted	1279	1452	7
saturation_refuted	1279	1482	7
saturation_refuted	1279	1525	7
saturation_refuted	1279	1629	7
saturation_refuted	1279	1647	7
saturation_refuted	1279	1655	7
saturation_refuted	1279	1682	7
saturation_refuted	1279	1691	7
saturation_refuted	1279	1722	7
saturation_refuted	1279	1731	7
saturation_refuted	1279	1764	7
saturation_refuted	1279	1780	7
saturation_refuted	1279	1840	7
saturation_refuted	1279	1851	7
saturation_refuted	1279	1885	7
saturation_refuted	1279	1898	7
saturation_refuted	1279	1913	7
saturation_refuted	1279	1921	7
saturation_refuted	1279	1934	7
saturation_refuted	1279	1949	7
saturation_refuted	1279	2035	11
saturation_refuted	1279	2054	7
saturation_refuted	1279	2061	7
saturation_refuted	1279	2101	7
saturation_refuted	1279	2125	7
saturation_refuted	1279	2137	7
saturation_refuted	1279	2254	7
saturation_refuted	1279	2263	7
saturation_refuted	1279	2304	7
saturation_refuted	1279	2327	7
saturation_refuted	1279	2441	7
saturation_refuted	1279	2450	7
saturation_refuted	1279	2467	7
saturation_refuted	1279	2497	7
saturation_refuted	1279	2506	7
saturation_refuted	1279	2531	7
saturation_refuted	1279	2540	7
saturation_refuted	1279	2644	7
saturation_refuted	1279	2650	7
saturation_refuted	1279	2660	7
saturation_refuted	1279	2699	7
saturation_refuted	1279	2710	7
saturation_refuted	1279	2722	7
saturation_refuted	1279	2737	7
saturation_refuted	1279	2743	7
saturation_refuted	1279	2776	7
saturation_refuted	1279	2865	7
saturation_refuted	1279	2873	7
saturation_refuted	1279	2903	7
saturation_refuted	1279	2912	7
saturation_refuted	1279	2936	7
saturation_refuted	1279	3050	7
saturation_refuted	1279	3056	7
saturation_refuted	1279	3068	7
saturation_refuted	1279	3079	7
saturation_refuted	1279	3091	7
saturation_refuted	1279	3103	7
saturation_refuted	1279	3115	7
saturation_refuted	1279	3143	7
saturation_refuted	1279	3185	7
saturation_refuted	1279	3261	7
saturation_refuted	1279	3278	7
saturation_refuted	1279	3306	7
saturation_refuted	1279	3319	7
saturation_refuted	1279	3334	7
saturation_refuted	1279	3345	7
saturation_refuted	1279	3353	7
saturation_refuted	1279	3414	7
saturation_refuted	1279	3475	7
saturation_refuted	1279	3484	7
saturation_refuted	1279	3522	7
saturation_refuted	1279	3548	7
saturation_refuted	1279	3556	7
saturation_refuted	1279	3675	7
saturation_refuted	1279	3687	7
saturation_refuted	1279	3715	7
saturation_refuted	1279	3722	7
saturation_refuted	1279	3748	7
saturation_refuted	1279	3868	7
saturation_refuted	1279	3881	7
saturation_refuted	1279	3887	7
saturation_refuted	1279	3915	7
saturation_refuted	1279	3951	7
saturation_refuted	1279	3962	7
saturation_refuted	1279	3973	7
saturation_refuted	1279	4023	7
saturation_refuted	1279	4065	7
saturation_refuted	1279	4071	7
saturation_refuted	1279	4084	7
saturation_refuted	1279	4118	7
saturation_refuted	1279	4130	7
saturation_refuted	1279	4164	7
saturation_refuted	1279	4275	7
saturation_refuted	1279	4307	7
saturation_refuted	1279	4321	7
saturation_refuted	1279	4409	7
saturation_refuted	1279	4435	7
saturation_refuted	1279	4443	7
saturation_refuted	1279	4470	7
saturation_refuted	1279	4479	7
saturation_refuted	1279	4605	7
saturation_refuted	1279	4636	7
saturation_refuted	1279	4684	7
saturation_refuted	1289	3116	none
saturation_refuted	1431	1428	none
saturation_refuted	1431	4269	none
saturation_refuted	1431	4316	none
saturation_refuted	1441	4065	none
saturation_refuted	1441	4067	none
saturation_refuted	1443	23	none
saturation_refuted	1443	1629	none
saturation_refuted	1443	1630	none
saturation_refuted	1443	2441	none
saturation_refuted	1443	3050	none
saturation_refuted	1443	3055	none
saturation_refuted	1443	3522	none
saturation_refuted	1443	4065	none
saturation_refuted	1443	4067	none
saturation_refuted	1443	4118	none
saturation_refuted	1443	4268	none
saturation_refuted	1443	4282	none
saturation_refuted	1486	151	none
saturation_refuted	1486	152	none
saturation_refuted	1486	166	none
saturation_refuted	1486	167	none
saturation_refuted	1486	168	none
saturation_refuted	1486	1427	none
saturation_refuted	1486	1428	none
saturation_refuted	1486	1430	none
saturation_refuted	1486	1479	none
saturation_refuted	1486	1480	none
saturation_refuted	1486	1481	none
saturation_refuted	1486	1483	none
saturation_refuted	1486	1484	none
saturation_refuted	1486	1485	none
saturation_refuted	1486	1487	none
saturation_refuted	1486	2035	none
saturation_refuted	1486	2036	none
saturation_refuted	1486	2050	none
saturation_refuted	1486	2051	none
saturation_refuted	1486	2052	none
saturation_refuted	1486	2087	none
saturation_refuted	1486	2088	none
saturation_refuted	1486	2089	none
saturation_refuted	1486	2124	none
saturation_refuted	1486	2125	none
saturation_refuted	1486	2126	none
saturation_refuted	1486	2161	none
saturation_refuted	1486	2162	none
saturation_refuted	1486	2163	none
saturation_refuted	1486	2164	none
saturation_refuted	1486	3456	none
saturation_refuted	1486	3457	none
saturation_refuted	1486	3461	none
saturation_refuted	1486	3462	none
saturation_refuted	1486	3463	none
saturation_refuted	1486	3511	none
saturation_refuted	1486	3512	none
saturation_refuted	1486	3513	none
saturation_refuted	1486	3521	none
saturation_refuted	1486	3522	none
saturation_refuted	1486	3523	none
saturation_refuted	1486	3532	none
saturation_refuted	1486	3533	none
saturation_refuted	1486	3534	none
saturation_refuted	1486	3535	none
saturation_refuted	1486	3862	none
saturation_refuted	1486	3864	none
saturation_refuted	1486	3877	none
saturation_refuted	1486	3880	none
saturation_refuted	1486	3883	none
saturation_refuted	1486	3915	none
saturation_refuted	1486	3918	none
saturation_refuted	1486	3921	none
saturation_refuted	1486	3952	none
saturation_refuted	1486	3955	none
saturation_refuted	1486	3958	none
saturation_refuted	1486	3989	none
saturation_refuted	1486	3993	none
saturation_refuted	1486	3997	none
saturation_refuted	1486	4001	none
saturation_refuted	1486	4268	none
saturation_refuted	1486	4282	none
saturation_refuted	1486	4314	none
saturation_refuted	1486	4315	none
saturation_refuted	1486	4339	none
saturation_refuted	1486	4357	none
saturation_refuted	1486	4587	none
saturation_refuted	1486	4606	none
saturation_refuted	1486	4615	none
saturation_refuted	1486	4645	none
saturation_refuted	1486	4666	none
saturation_refuted	1486	4689	none
saturation_refuted	1487	3463	none
saturation_refuted	1487	3521	none
saturation_refuted	1487	3522	none
saturation_refuted	1487	3523	none
saturation_refuted	1487	3532	none
saturation_refuted	1487	3533	none
saturation_refuted	1487	3534	none
saturation_refuted	1487	3535	none
saturation_refuted	1487	3883	none
saturation_refuted	1487	3915	none
saturation_refuted	1487	3921	none
saturation_refuted	1487	3958	none
saturation_refuted	1487	3989	none
saturation_refuted	1487	3997	none
saturation_refuted	1487	4001	none
saturation_refuted	1487	4282	none
saturation_refuted	1487	4314	none
saturation_refuted	1487	4315	none
saturation_refuted	1487	4339	none
saturation_refuted	1487	4357	none
saturation_refuted	1487	4615	none
saturation_refuted	1487	4645	none
saturation_refuted	1487	4666	none
saturation_refuted	1487	4689	none
saturation_refuted	1515	4590	none
saturation_refuted	1515	4622	none
saturation_refuted	1519	2035	none
saturation_refuted	1519	2128	none
saturation_refuted	1523	2035	none
saturation_refuted	1523	2038	none
saturation_refuted	1523	2124	none
saturation_refuted	1523	2128	none
saturation_refuted	1523	2132	none
saturation_refuted	1594	75	9
saturation_refuted	1594	3877	9
saturation_refuted	1594	3887	9
saturation_refuted	1630	4268	none
saturation_refuted	1630	4282	none
saturation_refuted	1633	4268	none
saturation_refuted	1633	4282	none
saturation_refuted	1681	3862	none
saturation_refuted	1681	3877	none
saturation_refuted	1701	8	none
saturation_refuted	1701	1020	none
saturation_refuted	1701	1035	none
saturation_refuted	1701	1832	none
saturation_refuted	1701	3862	none
saturation_refuted	1701	4587	none
saturation_refuted	1701	4666	none
saturation_refuted	1833	3456	none
saturation_refuted	1833	3457	none
saturation_refuted	1839	23	none
saturation_refuted	1839	1629	none
saturation_refuted	1839	3050	none
saturation_refuted	1884	4587	none
saturation_refuted	1884	4666	none
saturation_refuted	1958	4587	none
saturation_refuted	1958	4666	none
saturation_refuted	2037	3253	none
saturation_refuted	2037	3258	none
saturation_refuted	2038	4270	none
saturation_refuted	2038	4341	none
saturation_refuted	2040	2050	none
saturation_refuted	2040	4584	none
saturation_refuted	2040	4631	none
saturation_refuted	2093	8	none
saturation_refuted	2093	411	none
saturation_refuted	2093	416	none
saturation_refuted	2093	1020	none
saturation_refuted	2093	1832	none
saturation_refuted	2093	1884	none
saturation_refuted	2093	3253	none
saturation_refuted	2093	3258	none
saturation_refuted	2093	3319	none
saturation_refuted	2093	3915	none
saturation_refuted	2093	4587	none
saturation_refuted	2093	4666	none
saturation_refuted	2126	151	none
saturation_refuted	2126	152	none
saturation_refuted	2126	166	none
saturation_refuted	2126	167	none
saturation_refuted	2126	168	none
saturation_refuted	2126	1426	none
saturation_refuted	2126	1427	none
saturation_refuted	2126	1428	none
saturation_refuted	2126	1429	none
saturation_refuted	2126	1430	none
saturation_refuted	2126	1478	none
saturation_refuted	2126	1479	none
saturation_refuted	2126	1480	none
saturation_refuted	2126	1481	none
saturation_refuted	2126	1482	none
saturation_refuted	2126	1483	none
saturation_refuted	2126	1484	none
saturation_refuted	2126	1485	none
saturation_refuted	2126	1486	none
saturation_refuted	2126	1487	none
saturation_refuted	2126	2050	none
saturation_refuted	2126	2051	none
saturation_refuted	2126	2052	none
saturation_refuted	2126	2087	none
saturation_refuted	2126	2088	none
saturation_refuted	2126	2089	none
saturation_refuted	2126	2161	none
saturation_refuted	2126	2162	none
saturation_refuted	2126	2163	none
saturation_refuted	2126	2164	none
saturation_refuted	2126	3456	none
saturation_refuted	2126	3457	none
saturation_refuted	2126	3461	none
saturation_refuted	2126	3462	none
saturation_refuted	2126	3463	none
saturation_refuted	2126	3511	none
saturation_refuted	2126	3512	none
saturation_refuted	2126	3513	none
saturation_refuted	2126	3521	none
saturation_refuted	2126	3522	none
saturation_refuted	2126	3523	none
saturation_refuted	2126	3532	none
saturation_refuted	2126	3533	none
saturation_refuted	2126	3534	none
saturation_refuted	2126	3535	none
saturation_refuted	2126	3862	none
saturation_refuted	2126	3864	none
saturation_refuted	2126	3877	none
saturation_refuted	2126	3880	none
saturation_refuted	2126	3883	none
saturation_refuted	2126	3915	none
saturation_refuted	2126	3918	none
saturation_refuted	2126	3921	none
saturation_refuted	2126	3952	none
saturation_refuted	2126	3955	none
saturation_refuted	2126	3958	none
saturation_refuted	2126	3989	none
saturation_refuted	2126	3993	none
saturation_refuted	2126	3997	none
saturation_refuted	2126	4001	none
saturation_refuted	2126	4268	none
saturation_refuted	2126	4282	none
saturation_refuted	2126	4314	none
saturation_refuted	2126	4315	none
saturation_refuted	2126	4339	none
saturation_refuted	2126	4357	none
saturation_refuted	2126	4587	none
saturation_refuted	2126	4606	none
saturation_refuted	2126	4615	none
saturation_refuted	2126	4645	none
saturation_refuted	2126	4666	none
saturation_refuted	2126	4689	none
saturation_refuted	2128	1426	none
saturation_refuted	2128	1519	none
saturation_refuted	2132	1426	none
saturation_refuted	2132	1429	none
saturation_refuted	2132	1515	none
saturation_refuted	2132	1519	none
saturation_refuted	2132	1523	none
saturation_refuted	2164	3463	none
saturation_refuted	2164	3521	none
saturation_refuted	2164	3522	none
saturation_refuted	2164	3523	none
saturation_refuted	2164	3532	none
saturation_refuted	2164	3533	none
saturation_refuted	2164	3534	none
saturation_refuted	2164	3535	none
saturation_refuted	2164	3883	none
saturation_refuted	2164	3921	none
saturation_refuted	2164	3958	none
saturation_refuted	2164	3989	none
saturation_refuted	2164	3997	none
saturation_refuted	2164	4001	none
saturation_refuted	2164	4282	none
saturation_refuted	2164	4314	none
saturation_refuted	2164	4315	none
saturation_refuted	2164	4339	none
saturation_refuted	2164	4357	none
saturation_refuted	2164	4615	none
saturation_refuted	2164	4645	none
saturation_refuted	2164	4666	none
saturation_refuted	2164	4689	none
saturation_refuted	2291	3050	9
saturation_refuted	2291	3112	9
saturation_refuted	2291	4588	none
saturation_refuted	2291	4647	none
saturation_refuted	2328	26	7
saturation_refuted	2328	65	7
saturation_refuted	2328	73	7
saturation_refuted	2328	99	11
saturation_refuted	2328	102	7
saturation_refuted	2328	117	7
saturation_refuted	2328	125	7
saturation_refuted	2328	160	7
saturation_refuted	2328	167	7
saturation_refuted	2328	212	7
saturation_refuted	2328	229	7
saturation_refuted	2328	255	7
saturation_refuted	2328	258	7
saturation_refuted	2328	263	7
saturation_refuted	2328	326	7
saturation_refuted	2328	335	7
saturation_refuted	2328	362	7
saturation_refuted	2328	375	7
saturation_refuted	2328	411	7
saturation_refuted	2328	429	7
saturation_refuted	2328	437	7
saturation_refuted	2328	464	7
saturation_refuted	2328	473	7
saturation_refuted	2328	504	7
saturation_refuted	2328	513	7
saturation_refuted	2328	546	7
saturation_refuted	2328	562	7
saturation_refuted	2328	614	7
saturation_refuted	2328	617	7
saturation_refuted	2328	632	7
saturation_refuted	2328	640	7
saturation_refuted	2328	679	7
saturation_refuted	2328	704	7
saturation_refuted	2328	826	7
saturation_refuted	2328	833	7
saturation_refuted	2328	872	7
saturation_refuted	2328	879	7
saturation_refuted	2328	910	7
saturation_refuted	2328	917	7
saturation_refuted	2328	949	7
saturation_refuted	2328	962	7
saturation_refuted	2328	1029	7
saturation_refuted	2328	1046	7
saturation_refuted	2328	1076	7
saturation_refuted	2328	1085	7
saturation_refuted	2328	1110	7
saturation_refuted	2328	1119	7
saturation_refuted	2328	1223	7
saturation_refuted	2328	1226	7
saturation_refuted	2328	1231	7
saturation_refuted	2328	1278	7
saturation_refuted	2328	1323	7
saturation_refuted	2328	1426	11
saturation_refuted	2328	1455	7
saturation_refuted	2328	1482	7
saturation_refuted	2328	1491	7
saturation_refuted	2328	1518	7
saturation_refuted	2328	1526	7
saturation_refuted	2328	1629	7
saturation_refuted	2328	1632	7
saturation_refuted	2328	1654	7
saturation_refuted	2328	1658	7
saturation_refuted	2328	1662	7
saturation_refuted	2328	1682	7
saturation_refuted	2328	1721	7
saturation_refuted	2328	1729	7
saturation_refuted	2328	1790	7
saturation_refuted	2328	1838	7
saturation_refuted	2328	1850	7
saturation_refuted	2328	1861	7
saturation_refuted	2328	1873	7
saturation_refuted	2328	1885	7
saturation_refuted	2328	1897	7
saturation_refuted	2328	1925	7
saturation_refuted	2328	1967	7
saturation_refuted	2328	2035	7
saturation_refuted	2328	2044	7
saturation_refuted	2328	2053	7
saturation_refuted	2328	2060	7
saturation_refuted	2328	2100	7
saturation_refuted	2328	2125	7
saturation_refuted	2328	2267	7
saturation_refuted	2328	2294	7
saturation_refuted	2328	2300	7
saturation_refuted	2328	2330	7
saturation_refuted	2328	2449	7
saturation_refuted	2328	2457	7
saturation_refuted	2328	2470	7
saturation_refuted	2328	2485	7
saturation_refuted	2328	2503	7
saturation_refuted	2328	2533	7
saturation_refuted	2328	2541	7
saturation_refuted	2328	2586	7
saturation_refuted	2328	2653	7
saturation_refuted	2328	2663	7
saturation_refuted	2328	2672	7
saturation_refuted	2328	2699	7
saturation_refuted	2328	2744	7
saturation_refuted	2328	2847	7
saturation_refuted	2328	2850	7
saturation_refuted	2328	2863	7
saturation_refuted	2328	2875	7
saturation_refuted	2328	2910	7
saturation_refuted	2328	2939	7
saturation_refuted	2328	3050	7
saturation_refuted	2328	3053	7
saturation_refuted	2328	3058	7
saturation_refuted	2328	3066	7
saturation_refuted	2328	3075	7
saturation_refuted	2328	3079	7
saturation_refuted	2328	3083	7
saturation_refuted	2328	3094	7
saturation_refuted	2328	3113	7
saturation_refuted	2328	3271	7
saturation_refuted	2328	3279	7
saturation_refuted	2328	3319	7
saturation_refuted	2328	3343	7
saturation_refuted	2328	3352	7
saturation_refuted	2328	3459	7
saturation_refuted	2328	3474	7
saturation_refuted	2328	3482	7
saturation_refuted	2328	3518	7
saturation_refuted	2328	3522	7
saturation_refuted	2328	3526	7
saturation_refuted	2328	3558	7
saturation_refuted	2328	3607	7
saturation_refuted	2328	3668	7
saturation_refuted	2328	3675	7
saturation_refuted	2328	3715	7
saturation_refuted	2328	3722	7
saturation_refuted	2328	3761	7
saturation_refuted	2328	3871	7
saturation_refuted	2328	3888	7
saturation_refuted	2328	3915	7
saturation_refuted	2328	3924	7
saturation_refuted	2328	3954	7
saturation_refuted	2328	4068	7
saturation_refuted	2328	4073	7
saturation_refuted	2328	4118	7
saturation_refuted	2328	4127	7
saturation_refuted	2328	4131	7
saturation_refuted	2328	4135	7
saturation_refuted	2328	4146	7
saturation_refuted	2328	4157	7
saturation_refuted	2328	4290	7
saturation_refuted	2328	4321	7
saturation_refuted	2328	4369	7
saturation_refuted	2328	4383	7
saturation_refuted	2328	4408	7
saturation_refuted	2328	4435	7
saturation_refuted	2328	4443	7
saturation_refuted	2328	4470	7
saturation_refuted	2328	4585	7
saturation_refuted	2328	4636	7
saturation_refuted	2328	4656	7
saturation_refuted	2338	3079	11
saturation_refuted	2338	4435	none
saturation_refuted	2467	3050	7
saturation_refuted	2497	23	none
saturation_refuted	2497	1629	none
saturation_refuted	2497	1832	none
saturation_refuted	2497	3050	none
saturation_refuted	2497	3079	7
saturation_refuted	2497	3456	none
saturation_refuted	2497	3522	none
saturation_refuted	2497	4065	none
saturation_refuted	2497	4118	none
saturation_refuted	2541	817	none
saturation_refuted	2541	917	none
saturation_refuted	2541	1629	none
saturation_refuted	2541	1729	none
saturation_refuted	2647	3456	none
saturation_refuted	2676	308	9
saturation_refuted	2676	325	9
saturation_refuted	2676	3315	9
saturation_refuted	2676	3324	9
saturation_refuted	2676	3460	9
saturation_refuted	2676	3518	9
saturation_refuted	2676	3519	9
saturation_refuted	2676	3520	9
saturation_refuted	2676	3521	9
saturation_refuted	2676	3524	9
saturation_refuted	2700	2035	11
saturation_refuted	2734	4273	none
saturation_refuted	2734	4332	none
saturation_refuted	2744	1223	none
saturation_refuted	2856	307	none
saturation_refuted	2856	2644	none
saturation_refuted	2856	3253	none
saturation_refuted	2903	99	11
saturation_refuted	2903	411	11
saturation_refuted	2903	513	7
saturation_refuted	2903	2035	11
saturation_refuted	2903	2644	11
saturation_refuted	2903	2699	7
saturation_refuted	2903	2743	7
saturation_refuted	2940	707	none
saturation_refuted	2940	1223	none
saturation_refuted	2940	2238	none
saturation_refuted	2940	2331	none
saturation_refuted	2947	411	9
saturation_refuted	2947	477	9
saturation_refuted	2947	614	none
saturation_refuted	2947	680	none
saturation_refuted	2947	1426	9
saturation_refuted	2947	1492	9
saturation_refuted	2947	1519	9
saturation_refuted	2947	1629	none
saturation_refuted	2947	1695	none
saturation_refuted	2947	1832	none
saturation_refuted	2947	1932	none
saturation_refuted	2947	2035	9
saturation_refuted	2947	2128	9
saturation_refuted	2947	2135	9
saturation_refuted	2947	3150	9
saturation_refuted	3140	614	none
saturation_refuted	3140	3056	7
saturation_refuted	3140	3068	7
saturation_refuted	3140	3079	7
saturation_refuted	3140	3091	7
saturation_refuted	3140	4608	7
saturation_refuted	3143	1629	none
saturation_refuted	3143	1722	none
saturation_refuted	3143	1832	none
saturation_refuted	3143	2644	none
saturation_refuted	3143	2737	none
saturation_refuted	3150	411	none
saturation_refuted	3150	477	none
saturation_refuted	3150	1426	none
saturation_refuted	3150	1492	none
saturation_refuted	3150	1519	none
saturation_refuted	3150	2035	none
saturation_refuted	3150	2128	none
saturation_refuted	3150	2135	none
saturation_refuted	3161	411	none
saturation_refuted	3161	414	none
saturation_refuted	3161	473	none
saturation_refuted	3161	477	none
saturation_refuted	3161	481	none
saturation_refuted	3161	1426	none
saturation_refuted	3161	1429	none
saturation_refuted	3161	1488	none
saturation_refuted	3161	1492	none
saturation_refuted	3161	1496	none
saturation_refuted	3161	1515	none
saturation_refuted	3161	1519	none
saturation_refuted	3161	1523	none
saturation_refuted	3161	2041	none
saturation_refuted	3161	2135	none
saturation_refuted	3161	2146	none
saturation_refuted	3558	4065	none
saturation_refuted	3588	3862	none
saturation_refuted	3588	3878	none
saturation_refuted	3588	3917	none
saturation_refuted	3588	3955	none
saturation_refuted	3588	3994	none
saturation_refuted	3994	3456	none
saturation_refuted	3994	3472	none
saturation_refuted	3994	3511	none
saturation_refuted	3994	3549	none
saturation_refuted	3994	3588	none
